timestamp, index, power.draw [W], temperature.gpu, utilization.gpu [%]
2026/02/12 23:12:53.934, 0, 14.81, 64, 0
2026/02/12 23:12:54.944, 0, 8.72, 63, 0
2026/02/12 23:12:55.944, 0, 6.38, 62, 0
2026/02/12 23:12:56.945, 0, 6.38, 62, 0
2026/02/12 23:12:57.945, 0, 5.78, 61, 0
2026/02/12 23:12:58.945, 0, 5.84, 61, 0
2026/02/12 23:12:59.946, 0, 5.84, 61, 0
2026/02/12 23:13:00.946, 0, 5.72, 60, 0
2026/02/12 23:13:01.946, 0, 5.77, 60, 0
2026/02/12 23:13:02.947, 0, 5.77, 60, 0
2026/02/12 23:13:03.947, 0, 6.10, 60, 0
2026/02/12 23:13:04.947, 0, 13.68, 60, 0
2026/02/12 23:13:05.947, 0, 13.65, 60, 3
2026/02/12 23:13:06.948, 0, 13.86, 60, 1
2026/02/12 23:13:07.948, 0, 13.94, 60, 2
2026/02/12 23:13:08.948, 0, 13.92, 60, 2
2026/02/12 23:13:09.949, 0, 13.91, 60, 1
2026/02/12 23:13:10.949, 0, 13.91, 59, 1
2026/02/12 23:13:11.949, 0, 13.89, 59, 1
2026/02/12 23:13:12.949, 0, 13.86, 59, 1
2026/02/12 23:13:13.949, 0, 13.85, 59, 1
2026/02/12 23:13:14.950, 0, 13.87, 59, 1
2026/02/12 23:13:15.950, 0, 13.81, 59, 2
2026/02/12 23:13:16.950, 0, 13.78, 59, 1
2026/02/12 23:13:17.950, 0, 13.75, 58, 2
2026/02/12 23:13:18.951, 0, 13.71, 58, 1
2026/02/12 23:13:19.951, 0, 13.73, 58, 2
2026/02/12 23:13:20.951, 0, 13.69, 58, 1
2026/02/12 23:13:21.951, 0, 13.67, 58, 2
2026/02/12 23:13:22.951, 0, 13.64, 58, 2
2026/02/12 23:13:23.952, 0, 13.62, 58, 2
2026/02/12 23:13:24.952, 0, 13.62, 58, 1
2026/02/12 23:13:25.952, 0, 13.55, 58, 2
2026/02/12 23:13:26.952, 0, 13.59, 57, 1
2026/02/12 23:13:27.953, 0, 13.58, 57, 2
2026/02/12 23:13:28.953, 0, 13.58, 57, 2
2026/02/12 23:13:29.953, 0, 13.58, 57, 1
2026/02/12 23:13:30.953, 0, 13.55, 57, 1
2026/02/12 23:13:31.953, 0, 13.54, 57, 1
2026/02/12 23:13:32.954, 0, 13.55, 57, 1
2026/02/12 23:13:33.954, 0, 13.56, 57, 2
2026/02/12 23:13:34.954, 0, 13.54, 57, 1
2026/02/12 23:13:35.954, 0, 13.51, 57, 2
2026/02/12 23:13:36.954, 0, 13.53, 56, 1
2026/02/12 23:13:37.955, 0, 13.47, 56, 2
2026/02/12 23:13:38.955, 0, 13.43, 56, 2
2026/02/12 23:13:39.955, 0, 13.41, 56, 2
2026/02/12 23:13:40.955, 0, 13.42, 56, 1
2026/02/12 23:13:41.955, 0, 13.40, 56, 1
2026/02/12 23:13:42.956, 0, 13.41, 56, 2
2026/02/12 23:13:43.956, 0, 13.36, 56, 1
2026/02/12 23:13:44.956, 0, 13.37, 56, 2
2026/02/12 23:13:45.956, 0, 13.32, 56, 1
2026/02/12 23:13:46.956, 0, 13.40, 56, 2
2026/02/12 23:13:47.957, 0, 13.37, 56, 2
2026/02/12 23:13:48.957, 0, 13.38, 55, 1
2026/02/12 23:13:49.957, 0, 13.36, 55, 2
2026/02/12 23:13:50.958, 0, 13.36, 55, 2
2026/02/12 23:13:51.958, 0, 13.32, 55, 1
2026/02/12 23:13:52.958, 0, 13.32, 55, 1
2026/02/12 23:13:53.958, 0, 13.30, 55, 2
2026/02/12 23:13:54.958, 0, 13.31, 55, 2
2026/02/12 23:13:55.959, 0, 13.31, 55, 1
2026/02/12 23:13:56.959, 0, 13.29, 55, 1
2026/02/12 23:13:57.959, 0, 13.30, 55, 2
2026/02/12 23:13:58.959, 0, 13.28, 55, 1
2026/02/12 23:13:59.959, 0, 13.29, 55, 1
2026/02/12 23:14:00.959, 0, 13.27, 55, 1
2026/02/12 23:14:01.960, 0, 13.30, 55, 2
2026/02/12 23:14:02.960, 0, 13.29, 55, 2
2026/02/12 23:14:03.960, 0, 13.25, 54, 1
2026/02/12 23:14:04.960, 0, 13.26, 54, 1
2026/02/12 23:14:05.960, 0, 13.25, 54, 2
2026/02/12 23:14:06.961, 0, 13.21, 54, 1
2026/02/12 23:14:07.961, 0, 13.13, 54, 2
2026/02/12 23:14:08.961, 0, 13.15, 54, 1
2026/02/12 23:14:09.961, 0, 13.20, 54, 1
2026/02/12 23:14:10.961, 0, 13.19, 54, 1
2026/02/12 23:14:11.961, 0, 13.19, 54, 2
2026/02/12 23:14:12.962, 0, 13.18, 54, 2
2026/02/12 23:14:13.962, 0, 13.22, 54, 1
2026/02/12 23:14:14.962, 0, 13.21, 54, 1
2026/02/12 23:14:15.962, 0, 13.20, 54, 1
2026/02/12 23:14:16.962, 0, 13.18, 54, 2
2026/02/12 23:14:17.963, 0, 13.17, 54, 1
2026/02/12 23:14:18.963, 0, 13.13, 54, 2
2026/02/12 23:14:19.963, 0, 13.17, 54, 1
2026/02/12 23:14:20.963, 0, 13.16, 54, 1
2026/02/12 23:14:21.963, 0, 13.14, 54, 2
2026/02/12 23:14:22.964, 0, 13.13, 53, 2
2026/02/12 23:14:23.964, 0, 13.14, 53, 1
2026/02/12 23:14:24.964, 0, 13.09, 53, 1
2026/02/12 23:14:25.964, 0, 13.10, 53, 1
2026/02/12 23:14:26.965, 0, 12.96, 53, 2
2026/02/12 23:14:27.965, 0, 12.62, 53, 0
2026/02/12 23:14:28.965, 0, 12.65, 53, 0
2026/02/12 23:14:29.966, 0, 28.37, 60, 1
2026/02/12 23:14:30.966, 0, 69.31, 62, 93
2026/02/12 23:14:31.966, 0, 19.70, 55, 0
2026/02/12 23:14:32.966, 0, 14.49, 54, 22
2026/02/12 23:14:33.967, 0, 14.74, 54, 22
2026/02/12 23:14:34.970, 0, 13.90, 54, 22
2026/02/12 23:14:35.974, 0, 13.47, 54, 0
2026/02/12 23:14:36.976, 0, 14.09, 54, 0
2026/02/12 23:14:37.981, 0, 13.64, 54, 0
2026/02/12 23:14:38.983, 0, 13.10, 54, 1
2026/02/12 23:14:39.984, 0, 48.76, 63, 72
2026/02/12 23:14:40.984, 0, 53.65, 55, 96
2026/02/12 23:14:41.985, 0, 12.80, 54, 0
2026/02/12 23:14:42.985, 0, 12.71, 54, 0
2026/02/12 23:14:43.986, 0, 12.68, 54, 0
2026/02/12 23:14:44.986, 0, 12.65, 54, 0
2026/02/12 23:14:45.986, 0, 12.65, 53, 0
2026/02/12 23:14:46.987, 0, 36.26, 58, 80
2026/02/12 23:14:47.987, 0, 44.54, 60, 80
2026/02/12 23:14:48.987, 0, 45.01, 58, 86
2026/02/12 23:14:49.988, 0, 38.80, 57, 74
2026/02/12 23:14:50.988, 0, 31.56, 57, 75
2026/02/12 23:14:51.989, 0, 37.11, 59, 88
2026/02/12 23:14:52.989, 0, 39.41, 59, 85
2026/02/12 23:14:53.989, 0, 31.91, 58, 84
2026/02/12 23:14:54.990, 0, 18.82, 56, 50
2026/02/12 23:14:55.990, 0, 12.94, 55, 0
2026/02/12 23:14:56.990, 0, 53.20, 66, 59
2026/02/12 23:14:57.991, 0, 40.47, 58, 96
2026/02/12 23:14:58.992, 0, 31.01, 59, 96
2026/02/12 23:14:59.992, 0, 31.03, 59, 96
2026/02/12 23:15:00.993, 0, 31.00, 59, 96
2026/02/12 23:15:01.993, 0, 31.04, 59, 96
2026/02/12 23:15:02.994, 0, 31.03, 59, 96
2026/02/12 23:15:03.994, 0, 31.09, 59, 96
2026/02/12 23:15:04.995, 0, 31.10, 59, 96
2026/02/12 23:15:05.995, 0, 31.10, 59, 96
2026/02/12 23:15:06.996, 0, 31.14, 60, 96
2026/02/12 23:15:07.996, 0, 31.18, 60, 96
2026/02/12 23:15:08.996, 0, 31.22, 60, 96
2026/02/12 23:15:09.997, 0, 31.20, 60, 96
2026/02/12 23:15:10.997, 0, 31.18, 60, 96
2026/02/12 23:15:11.998, 0, 31.18, 60, 96
2026/02/12 23:15:12.998, 0, 31.18, 60, 96
2026/02/12 23:15:13.999, 0, 53.41, 69, 96
2026/02/12 23:15:14.999, 0, 48.80, 61, 96
2026/02/12 23:15:16.000, 0, 31.94, 61, 96
2026/02/12 23:15:17.000, 0, 31.94, 61, 96
2026/02/12 23:15:18.001, 0, 31.93, 61, 96
2026/02/12 23:15:19.001, 0, 31.93, 61, 96
2026/02/12 23:15:20.001, 0, 31.92, 61, 96
2026/02/12 23:15:21.002, 0, 31.90, 61, 96
2026/02/12 23:15:22.002, 0, 31.91, 61, 96
2026/02/12 23:15:23.003, 0, 31.94, 61, 96
2026/02/12 23:15:24.003, 0, 31.97, 61, 96
2026/02/12 23:15:25.004, 0, 31.95, 61, 96
2026/02/12 23:15:26.004, 0, 31.96, 61, 96
2026/02/12 23:15:27.005, 0, 31.97, 62, 96
2026/02/12 23:15:28.005, 0, 31.96, 62, 96
2026/02/12 23:15:29.006, 0, 31.98, 62, 96
2026/02/12 23:15:30.006, 0, 31.97, 62, 96
2026/02/12 23:15:31.007, 0, 31.97, 62, 96
2026/02/12 23:15:32.008, 0, 71.38, 72, 96
2026/02/12 23:15:33.008, 0, 32.41, 62, 96
2026/02/12 23:15:34.008, 0, 32.39, 62, 96
2026/02/12 23:15:35.009, 0, 32.39, 62, 96
2026/02/12 23:15:36.009, 0, 32.40, 62, 96
2026/02/12 23:15:37.009, 0, 32.38, 62, 96
2026/02/12 23:15:38.010, 0, 32.39, 63, 96
2026/02/12 23:15:39.010, 0, 32.42, 63, 96
2026/02/12 23:15:40.010, 0, 32.44, 63, 96
2026/02/12 23:15:41.010, 0, 32.41, 63, 96
2026/02/12 23:15:42.011, 0, 32.44, 63, 96
2026/02/12 23:15:43.011, 0, 32.46, 63, 96
2026/02/12 23:15:44.011, 0, 32.46, 63, 96
2026/02/12 23:15:45.011, 0, 32.46, 63, 96
2026/02/12 23:15:46.012, 0, 32.41, 63, 96
2026/02/12 23:15:47.012, 0, 32.46, 63, 96
2026/02/12 23:15:48.012, 0, 32.47, 63, 96
2026/02/12 23:15:49.013, 0, 34.36, 66, 91
2026/02/12 23:15:50.013, 0, 70.08, 64, 96
2026/02/12 23:15:51.013, 0, 32.58, 64, 96
2026/02/12 23:15:52.014, 0, 32.56, 63, 96
2026/02/12 23:15:53.014, 0, 32.57, 63, 96
2026/02/12 23:15:54.015, 0, 32.54, 63, 96
2026/02/12 23:15:55.015, 0, 32.57, 63, 96
2026/02/12 23:15:56.015, 0, 32.56, 64, 96
2026/02/12 23:15:57.016, 0, 32.56, 63, 96
2026/02/12 23:15:58.016, 0, 32.58, 64, 96
2026/02/12 23:15:59.017, 0, 32.59, 64, 96
2026/02/12 23:16:00.017, 0, 32.61, 64, 96
2026/02/12 23:16:01.018, 0, 32.54, 64, 96
2026/02/12 23:16:02.018, 0, 32.59, 64, 96
2026/02/12 23:16:03.019, 0, 32.59, 64, 96
2026/02/12 23:16:04.019, 0, 32.58, 64, 96
2026/02/12 23:16:05.019, 0, 32.58, 64, 96
2026/02/12 23:16:06.020, 0, 32.57, 64, 96
2026/02/12 23:16:07.021, 0, 51.67, 72, 96
2026/02/12 23:16:08.021, 0, 54.80, 64, 96
2026/02/12 23:16:09.022, 0, 32.73, 64, 96
2026/02/12 23:16:10.022, 0, 32.72, 64, 96
2026/02/12 23:16:11.022, 0, 32.67, 64, 96
2026/02/12 23:16:12.023, 0, 32.71, 64, 96
2026/02/12 23:16:13.023, 0, 32.72, 64, 96
2026/02/12 23:16:14.024, 0, 32.72, 64, 96
2026/02/12 23:16:15.024, 0, 32.69, 64, 96
2026/02/12 23:16:16.024, 0, 32.68, 64, 96
2026/02/12 23:16:17.025, 0, 32.75, 64, 96
2026/02/12 23:16:18.025, 0, 32.72, 64, 96
2026/02/12 23:16:19.026, 0, 32.68, 64, 96
2026/02/12 23:16:20.026, 0, 32.67, 64, 96
2026/02/12 23:16:21.026, 0, 32.67, 64, 96
2026/02/12 23:16:22.027, 0, 32.69, 64, 96
2026/02/12 23:16:23.027, 0, 32.70, 64, 96
2026/02/12 23:16:24.028, 0, 32.70, 64, 96
2026/02/12 23:16:25.028, 0, 68.47, 74, 96
2026/02/12 23:16:26.028, 0, 35.55, 65, 96
2026/02/12 23:16:27.029, 0, 32.82, 65, 96
2026/02/12 23:16:28.030, 0, 32.80, 65, 96
2026/02/12 23:16:29.030, 0, 32.78, 65, 96
2026/02/12 23:16:30.030, 0, 32.79, 65, 96
2026/02/12 23:16:31.031, 0, 32.75, 65, 96
2026/02/12 23:16:32.031, 0, 32.79, 65, 96
2026/02/12 23:16:33.032, 0, 32.75, 65, 96
2026/02/12 23:16:34.033, 0, 32.80, 65, 96
2026/02/12 23:16:35.033, 0, 32.76, 65, 96
2026/02/12 23:16:36.034, 0, 32.77, 65, 96
2026/02/12 23:16:37.034, 0, 32.81, 65, 96
2026/02/12 23:16:38.035, 0, 32.80, 65, 96
2026/02/12 23:16:39.035, 0, 32.78, 65, 96
2026/02/12 23:16:40.036, 0, 32.79, 65, 96
2026/02/12 23:16:41.037, 0, 32.75, 65, 96
2026/02/12 23:16:42.037, 0, 33.18, 65, 96
2026/02/12 23:16:43.038, 0, 73.76, 66, 96
2026/02/12 23:16:44.038, 0, 32.96, 65, 96
2026/02/12 23:16:45.039, 0, 32.89, 65, 96
2026/02/12 23:16:46.039, 0, 32.86, 65, 96
2026/02/12 23:16:47.040, 0, 32.86, 65, 96
2026/02/12 23:16:48.040, 0, 32.87, 65, 96
2026/02/12 23:16:49.041, 0, 32.85, 65, 96
2026/02/12 23:16:50.041, 0, 32.82, 65, 96
2026/02/12 23:16:51.042, 0, 32.82, 65, 96
2026/02/12 23:16:52.042, 0, 32.86, 65, 96
2026/02/12 23:16:53.043, 0, 32.88, 65, 96
2026/02/12 23:16:54.044, 0, 32.88, 65, 96
2026/02/12 23:16:55.044, 0, 32.90, 65, 96
2026/02/12 23:16:56.044, 0, 32.89, 65, 96
2026/02/12 23:16:57.045, 0, 32.89, 65, 96
2026/02/12 23:16:58.045, 0, 32.87, 65, 96
2026/02/12 23:16:59.046, 0, 32.86, 65, 96
2026/02/12 23:17:00.046, 0, 51.23, 75, 96
2026/02/12 23:17:01.046, 0, 55.77, 66, 96
2026/02/12 23:17:02.047, 0, 32.96, 66, 96
2026/02/12 23:17:03.047, 0, 32.97, 66, 96
2026/02/12 23:17:04.048, 0, 32.94, 66, 96
2026/02/12 23:17:05.048, 0, 32.94, 66, 96
2026/02/12 23:17:06.049, 0, 32.93, 66, 96
2026/02/12 23:17:07.050, 0, 32.88, 66, 96
2026/02/12 23:17:08.050, 0, 32.92, 65, 96
2026/02/12 23:17:09.050, 0, 32.91, 65, 96
2026/02/12 23:17:10.051, 0, 32.96, 65, 96
2026/02/12 23:17:11.051, 0, 32.93, 65, 96
2026/02/12 23:17:12.052, 0, 32.90, 65, 96
2026/02/12 23:17:13.053, 0, 32.95, 65, 96
2026/02/12 23:17:14.053, 0, 32.94, 66, 96
2026/02/12 23:17:15.053, 0, 32.92, 66, 96
2026/02/12 23:17:16.053, 0, 32.92, 65, 96
2026/02/12 23:17:17.054, 0, 32.91, 65, 96
2026/02/12 23:17:18.054, 0, 69.49, 74, 96
2026/02/12 23:17:19.054, 0, 37.60, 66, 96
2026/02/12 23:17:20.055, 0, 33.03, 66, 96
2026/02/12 23:17:21.055, 0, 33.04, 66, 96
2026/02/12 23:17:22.056, 0, 32.98, 66, 96
2026/02/12 23:17:23.056, 0, 33.00, 66, 96
2026/02/12 23:17:24.057, 0, 32.96, 66, 96
2026/02/12 23:17:25.057, 0, 32.96, 66, 96
2026/02/12 23:17:26.057, 0, 32.94, 66, 96
2026/02/12 23:17:27.058, 0, 32.94, 66, 96
2026/02/12 23:17:28.058, 0, 33.01, 66, 96
2026/02/12 23:17:29.059, 0, 32.97, 66, 96
2026/02/12 23:17:30.059, 0, 32.98, 66, 96
2026/02/12 23:17:31.060, 0, 32.95, 66, 96
2026/02/12 23:17:32.060, 0, 32.92, 66, 96
2026/02/12 23:17:33.061, 0, 32.91, 66, 96
2026/02/12 23:17:34.061, 0, 32.94, 66, 96
2026/02/12 23:17:35.061, 0, 32.91, 66, 96
2026/02/12 23:17:36.062, 0, 73.83, 67, 96
2026/02/12 23:17:37.062, 0, 33.06, 66, 96
2026/02/12 23:17:38.062, 0, 33.03, 66, 96
2026/02/12 23:17:39.062, 0, 33.06, 66, 96
2026/02/12 23:17:40.063, 0, 33.07, 66, 96
2026/02/12 23:17:41.063, 0, 33.05, 66, 96
2026/02/12 23:17:42.064, 0, 33.01, 66, 96
2026/02/12 23:17:43.064, 0, 33.02, 66, 96
2026/02/12 23:17:44.064, 0, 33.00, 66, 96
2026/02/12 23:17:45.064, 0, 33.05, 66, 96
2026/02/12 23:17:46.065, 0, 33.06, 66, 96
2026/02/12 23:17:47.065, 0, 33.03, 66, 96
2026/02/12 23:17:48.066, 0, 33.03, 66, 96
2026/02/12 23:17:49.066, 0, 33.05, 66, 96
2026/02/12 23:17:50.066, 0, 33.03, 66, 96
2026/02/12 23:17:51.067, 0, 33.01, 66, 96
2026/02/12 23:17:52.067, 0, 32.97, 66, 96
2026/02/12 23:17:53.067, 0, 48.03, 74, 96
2026/02/12 23:17:54.067, 0, 58.22, 67, 96
2026/02/12 23:17:55.068, 0, 33.12, 67, 96
2026/02/12 23:17:56.068, 0, 33.10, 66, 96
2026/02/12 23:17:57.068, 0, 33.06, 66, 96
2026/02/12 23:17:58.069, 0, 33.05, 66, 96
2026/02/12 23:17:59.069, 0, 33.04, 66, 96
2026/02/12 23:18:00.069, 0, 33.07, 66, 96
2026/02/12 23:18:01.070, 0, 33.04, 66, 96
2026/02/12 23:18:02.070, 0, 33.02, 66, 96
2026/02/12 23:18:03.070, 0, 33.08, 66, 96
2026/02/12 23:18:04.071, 0, 33.07, 66, 96
2026/02/12 23:18:05.071, 0, 33.06, 66, 96
2026/02/12 23:18:06.072, 0, 33.03, 66, 96
2026/02/12 23:18:07.072, 0, 33.02, 66, 96
2026/02/12 23:18:08.072, 0, 33.03, 66, 96
2026/02/12 23:18:09.072, 0, 33.01, 66, 96
2026/02/12 23:18:10.073, 0, 32.99, 66, 96
2026/02/12 23:18:11.073, 0, 66.52, 76, 96
2026/02/12 23:18:12.074, 0, 40.17, 67, 96
2026/02/12 23:18:13.074, 0, 33.11, 67, 96
2026/02/12 23:18:14.074, 0, 33.07, 67, 96
2026/02/12 23:18:15.075, 0, 33.08, 67, 96
2026/02/12 23:18:16.075, 0, 33.07, 67, 96
2026/02/12 23:18:17.075, 0, 33.06, 67, 96
2026/02/12 23:18:18.076, 0, 33.11, 67, 96
2026/02/12 23:18:19.076, 0, 33.10, 66, 96
2026/02/12 23:18:20.076, 0, 33.09, 66, 96
2026/02/12 23:18:21.077, 0, 33.10, 66, 96
2026/02/12 23:18:22.077, 0, 33.10, 66, 96
2026/02/12 23:18:23.078, 0, 33.06, 66, 96
2026/02/12 23:18:24.078, 0, 33.06, 66, 96
2026/02/12 23:18:25.078, 0, 33.04, 66, 96
2026/02/12 23:18:26.079, 0, 33.03, 66, 96
2026/02/12 23:18:27.079, 0, 33.02, 66, 96
2026/02/12 23:18:28.080, 0, 33.00, 66, 96
2026/02/12 23:18:29.080, 0, 73.36, 67, 96
2026/02/12 23:18:30.081, 0, 33.18, 67, 96
2026/02/12 23:18:31.081, 0, 33.16, 67, 96
2026/02/12 23:18:32.081, 0, 33.15, 67, 96
2026/02/12 23:18:33.082, 0, 33.12, 67, 96
2026/02/12 23:18:34.082, 0, 33.12, 67, 96
2026/02/12 23:18:35.082, 0, 33.12, 67, 96
2026/02/12 23:18:36.083, 0, 33.09, 67, 96
2026/02/12 23:18:37.083, 0, 33.09, 67, 96
2026/02/12 23:18:38.084, 0, 33.09, 67, 96
2026/02/12 23:18:39.084, 0, 33.11, 67, 96
2026/02/12 23:18:40.084, 0, 33.06, 67, 96
2026/02/12 23:18:41.085, 0, 33.11, 67, 96
2026/02/12 23:18:42.086, 0, 33.11, 67, 96
2026/02/12 23:18:43.086, 0, 33.06, 67, 96
2026/02/12 23:18:44.087, 0, 33.08, 67, 96
2026/02/12 23:18:45.088, 0, 33.03, 67, 96
2026/02/12 23:18:46.088, 0, 44.98, 75, 96
2026/02/12 23:18:47.088, 0, 61.39, 67, 96
2026/02/12 23:18:48.089, 0, 33.13, 67, 96
2026/02/12 23:18:49.089, 0, 33.15, 67, 96
2026/02/12 23:18:50.089, 0, 33.15, 67, 96
2026/02/12 23:18:51.090, 0, 33.12, 67, 96
2026/02/12 23:18:52.090, 0, 33.14, 67, 96
2026/02/12 23:18:53.091, 0, 33.11, 67, 96
2026/02/12 23:18:54.091, 0, 33.11, 67, 96
2026/02/12 23:18:55.092, 0, 33.09, 67, 96
2026/02/12 23:18:56.093, 0, 33.15, 67, 96
2026/02/12 23:18:57.093, 0, 33.15, 67, 96
2026/02/12 23:18:58.093, 0, 33.12, 67, 96
2026/02/12 23:18:59.094, 0, 33.11, 67, 96
2026/02/12 23:19:00.094, 0, 33.11, 67, 96
2026/02/12 23:19:01.094, 0, 33.10, 67, 96
2026/02/12 23:19:02.095, 0, 33.08, 67, 96
2026/02/12 23:19:03.096, 0, 33.06, 67, 96
2026/02/12 23:19:04.096, 0, 62.20, 75, 96
2026/02/12 23:19:05.097, 0, 44.16, 67, 96
2026/02/12 23:19:06.097, 0, 33.23, 67, 96
2026/02/12 23:19:07.098, 0, 33.14, 67, 96
2026/02/12 23:19:08.098, 0, 33.18, 67, 96
2026/02/12 23:19:09.099, 0, 33.18, 67, 96
2026/02/12 23:19:10.099, 0, 33.19, 67, 96
2026/02/12 23:19:11.100, 0, 33.15, 67, 96
2026/02/12 23:19:12.100, 0, 33.15, 67, 96
2026/02/12 23:19:13.101, 0, 33.12, 67, 96
2026/02/12 23:19:14.101, 0, 33.17, 67, 96
2026/02/12 23:19:15.102, 0, 33.19, 67, 96
2026/02/12 23:19:16.102, 0, 33.19, 67, 96
2026/02/12 23:19:17.103, 0, 33.19, 67, 96
2026/02/12 23:19:18.103, 0, 33.14, 67, 96
2026/02/12 23:19:19.104, 0, 33.14, 67, 96
2026/02/12 23:19:20.104, 0, 33.13, 67, 96
2026/02/12 23:19:21.104, 0, 33.13, 67, 96
2026/02/12 23:19:22.105, 0, 74.83, 68, 96
2026/02/12 23:19:23.105, 0, 33.26, 67, 96
2026/02/12 23:19:24.105, 0, 33.24, 67, 96
2026/02/12 23:19:25.106, 0, 33.21, 67, 96
2026/02/12 23:19:26.106, 0, 33.22, 67, 96
2026/02/12 23:19:27.107, 0, 33.21, 67, 96
2026/02/12 23:19:28.107, 0, 33.18, 67, 96
2026/02/12 23:19:29.107, 0, 33.19, 67, 96
2026/02/12 23:19:30.108, 0, 33.20, 67, 96
2026/02/12 23:19:31.108, 0, 33.23, 67, 96
2026/02/12 23:19:32.108, 0, 33.22, 67, 96
2026/02/12 23:19:33.109, 0, 33.20, 67, 96
2026/02/12 23:19:34.109, 0, 33.19, 67, 96
2026/02/12 23:19:35.109, 0, 33.19, 67, 96
2026/02/12 23:19:36.109, 0, 33.20, 67, 96
2026/02/12 23:19:37.110, 0, 33.18, 67, 96
2026/02/12 23:19:38.110, 0, 33.14, 67, 96
2026/02/12 23:19:39.111, 0, 42.94, 75, 96
2026/02/12 23:19:40.112, 0, 65.58, 68, 96
2026/02/12 23:19:41.112, 0, 33.31, 67, 96
2026/02/12 23:19:42.113, 0, 33.28, 67, 96
2026/02/12 23:19:43.114, 0, 33.23, 67, 96
2026/02/12 23:19:44.114, 0, 33.24, 67, 96
2026/02/12 23:19:45.114, 0, 33.26, 67, 96
2026/02/12 23:19:46.114, 0, 33.23, 67, 96
2026/02/12 23:19:47.115, 0, 33.23, 67, 96
2026/02/12 23:19:48.115, 0, 33.20, 67, 96
2026/02/12 23:19:49.115, 0, 33.25, 67, 96
2026/02/12 23:19:50.116, 0, 33.23, 67, 96
2026/02/12 23:19:51.116, 0, 33.23, 67, 96
2026/02/12 23:19:52.116, 0, 33.22, 67, 96
2026/02/12 23:19:53.116, 0, 33.19, 67, 96
2026/02/12 23:19:54.117, 0, 33.16, 67, 96
2026/02/12 23:19:55.117, 0, 33.18, 67, 96
2026/02/12 23:19:56.117, 0, 33.19, 67, 96
2026/02/12 23:19:57.118, 0, 58.50, 76, 96
2026/02/12 23:19:58.118, 0, 48.14, 68, 96
2026/02/12 23:19:59.118, 0, 33.28, 68, 96
2026/02/12 23:20:00.118, 0, 33.26, 67, 96
2026/02/12 23:20:01.119, 0, 33.26, 67, 96
2026/02/12 23:20:02.119, 0, 33.23, 67, 96
2026/02/12 23:20:03.119, 0, 33.23, 67, 96
2026/02/12 23:20:04.120, 0, 33.21, 67, 96
2026/02/12 23:20:05.120, 0, 33.22, 67, 96
2026/02/12 23:20:06.120, 0, 33.20, 67, 96
2026/02/12 23:20:07.120, 0, 33.25, 67, 96
2026/02/12 23:20:08.121, 0, 33.25, 67, 96
2026/02/12 23:20:09.121, 0, 33.21, 67, 96
2026/02/12 23:20:10.122, 0, 33.22, 67, 96
2026/02/12 23:20:11.122, 0, 33.19, 67, 96
2026/02/12 23:20:12.122, 0, 33.19, 67, 96
2026/02/12 23:20:13.123, 0, 33.20, 67, 96
2026/02/12 23:20:14.123, 0, 33.20, 67, 96
2026/02/12 23:20:15.123, 0, 74.20, 73, 96
2026/02/12 23:20:16.124, 0, 33.38, 68, 96
2026/02/12 23:20:17.124, 0, 33.31, 68, 96
2026/02/12 23:20:18.124, 0, 33.29, 68, 96
2026/02/12 23:20:19.125, 0, 33.23, 67, 96
2026/02/12 23:20:20.125, 0, 33.27, 67, 96
2026/02/12 23:20:21.125, 0, 33.26, 67, 96
2026/02/12 23:20:22.126, 0, 33.25, 67, 96
2026/02/12 23:20:23.126, 0, 33.24, 67, 96
2026/02/12 23:20:24.127, 0, 33.26, 67, 96
2026/02/12 23:20:25.127, 0, 33.24, 67, 96
2026/02/12 23:20:26.127, 0, 33.25, 67, 96
2026/02/12 23:20:27.128, 0, 33.22, 67, 96
2026/02/12 23:20:28.128, 0, 33.22, 67, 96
2026/02/12 23:20:29.128, 0, 33.21, 67, 96
2026/02/12 23:20:30.129, 0, 33.22, 67, 96
2026/02/12 23:20:31.129, 0, 33.21, 67, 96
2026/02/12 23:20:32.129, 0, 39.16, 75, 93
2026/02/12 23:20:33.130, 0, 69.84, 68, 96
2026/02/12 23:20:34.130, 0, 33.33, 68, 96
2026/02/12 23:20:35.130, 0, 33.29, 68, 96
2026/02/12 23:20:36.131, 0, 33.31, 68, 96
2026/02/12 23:20:37.131, 0, 33.29, 68, 96
2026/02/12 23:20:38.131, 0, 33.23, 68, 96
2026/02/12 23:20:39.132, 0, 33.26, 67, 96
2026/02/12 23:20:40.132, 0, 33.25, 67, 96
2026/02/12 23:20:41.133, 0, 33.22, 67, 96
2026/02/12 23:20:42.133, 0, 33.26, 67, 96
2026/02/12 23:20:43.134, 0, 33.25, 67, 96
2026/02/12 23:20:44.134, 0, 33.22, 67, 96
2026/02/12 23:20:45.135, 0, 33.22, 67, 96
2026/02/12 23:20:46.136, 0, 33.22, 67, 96
2026/02/12 23:20:47.136, 0, 33.25, 67, 96
2026/02/12 23:20:48.136, 0, 33.19, 67, 96
2026/02/12 23:20:49.136, 0, 33.18, 67, 96
2026/02/12 23:20:50.136, 0, 54.02, 77, 96
2026/02/12 23:20:51.137, 0, 52.59, 68, 96
2026/02/12 23:20:52.137, 0, 33.36, 68, 96
2026/02/12 23:20:53.137, 0, 33.30, 68, 96
2026/02/12 23:20:54.138, 0, 33.28, 68, 96
2026/02/12 23:20:55.138, 0, 33.27, 68, 96
2026/02/12 23:20:56.138, 0, 33.31, 68, 96
2026/02/12 23:20:57.138, 0, 33.28, 68, 96
2026/02/12 23:20:58.139, 0, 33.28, 68, 96
2026/02/12 23:20:59.139, 0, 33.22, 67, 96
2026/02/12 23:21:00.140, 0, 33.27, 68, 96
2026/02/12 23:21:01.140, 0, 33.28, 68, 96
2026/02/12 23:21:02.140, 0, 33.28, 68, 96
2026/02/12 23:21:03.141, 0, 33.28, 67, 96
2026/02/12 23:21:04.141, 0, 33.23, 67, 96
2026/02/12 23:21:05.141, 0, 32.74, 67, 96
2026/02/12 23:21:06.141, 0, 33.27, 67, 96
2026/02/12 23:21:07.142, 0, 33.24, 67, 96
2026/02/12 23:21:08.142, 0, 73.70, 76, 96
2026/02/12 23:21:09.142, 0, 33.96, 68, 96
2026/02/12 23:21:10.142, 0, 33.32, 68, 96
2026/02/12 23:21:11.143, 0, 33.34, 68, 96
2026/02/12 23:21:12.143, 0, 33.29, 68, 96
2026/02/12 23:21:13.144, 0, 33.29, 68, 96
2026/02/12 23:21:14.144, 0, 33.28, 68, 96
2026/02/12 23:21:15.144, 0, 33.27, 68, 96
2026/02/12 23:21:16.144, 0, 33.29, 68, 96
2026/02/12 23:21:17.145, 0, 33.30, 68, 96
2026/02/12 23:21:18.145, 0, 33.33, 68, 96
2026/02/12 23:21:19.145, 0, 33.30, 68, 96
2026/02/12 23:21:20.154, 0, 33.31, 68, 96
2026/02/12 23:21:21.154, 0, 33.30, 67, 96
2026/02/12 23:21:22.154, 0, 33.29, 67, 96
2026/02/12 23:21:23.155, 0, 33.27, 67, 96
2026/02/12 23:21:24.155, 0, 33.28, 67, 96
2026/02/12 23:21:25.155, 0, 35.09, 70, 93
2026/02/12 23:21:26.156, 0, 72.41, 68, 96
2026/02/12 23:21:27.156, 0, 33.43, 68, 96
2026/02/12 23:21:28.156, 0, 33.41, 68, 96
2026/02/12 23:21:29.157, 0, 33.38, 68, 96
2026/02/12 23:21:30.157, 0, 33.32, 68, 96
2026/02/12 23:21:31.157, 0, 33.34, 68, 96
2026/02/12 23:21:32.157, 0, 33.32, 68, 96
2026/02/12 23:21:33.158, 0, 33.29, 68, 96
2026/02/12 23:21:34.159, 0, 33.29, 68, 96
2026/02/12 23:21:35.159, 0, 33.30, 68, 96
2026/02/12 23:21:36.159, 0, 33.33, 68, 96
2026/02/12 23:21:37.159, 0, 33.32, 68, 96
2026/02/12 23:21:38.160, 0, 33.25, 68, 96
2026/02/12 23:21:39.160, 0, 33.30, 68, 96
2026/02/12 23:21:40.160, 0, 33.26, 68, 96
2026/02/12 23:21:41.161, 0, 33.27, 68, 96
2026/02/12 23:21:42.161, 0, 33.27, 68, 96
2026/02/12 23:21:43.161, 0, 54.94, 78, 96
2026/02/12 23:21:44.161, 0, 52.99, 68, 96
2026/02/12 23:21:45.162, 0, 33.37, 68, 96
2026/02/12 23:21:46.162, 0, 33.42, 68, 96
2026/02/12 23:21:47.162, 0, 33.39, 68, 96
2026/02/12 23:21:48.163, 0, 33.38, 68, 96
2026/02/12 23:21:49.163, 0, 33.38, 68, 96
2026/02/12 23:21:50.163, 0, 33.31, 68, 96
2026/02/12 23:21:51.164, 0, 33.33, 68, 96
2026/02/12 23:21:52.164, 0, 33.34, 68, 96
2026/02/12 23:21:53.164, 0, 33.33, 68, 96
2026/02/12 23:21:54.164, 0, 33.34, 68, 96
2026/02/12 23:21:55.164, 0, 33.30, 68, 96
2026/02/12 23:21:56.165, 0, 33.33, 68, 96
2026/02/12 23:21:57.165, 0, 33.30, 68, 96
2026/02/12 23:21:58.165, 0, 33.29, 68, 96
2026/02/12 23:21:59.166, 0, 33.29, 68, 96
2026/02/12 23:22:00.166, 0, 33.22, 68, 96
2026/02/12 23:22:01.166, 0, 74.08, 75, 96
2026/02/12 23:22:02.166, 0, 33.56, 68, 96
2026/02/12 23:22:03.167, 0, 33.38, 68, 96
2026/02/12 23:22:04.167, 0, 33.36, 68, 96
2026/02/12 23:22:05.168, 0, 33.32, 68, 96
2026/02/12 23:22:06.168, 0, 33.34, 68, 96
2026/02/12 23:22:07.168, 0, 33.30, 68, 96
2026/02/12 23:22:08.168, 0, 33.31, 68, 96
2026/02/12 23:22:09.169, 0, 33.31, 68, 96
2026/02/12 23:22:10.169, 0, 33.27, 68, 96
2026/02/12 23:22:11.170, 0, 33.34, 68, 96
2026/02/12 23:22:12.170, 0, 33.31, 68, 96
2026/02/12 23:22:13.170, 0, 33.31, 68, 96
2026/02/12 23:22:14.171, 0, 33.30, 68, 96
2026/02/12 23:22:15.171, 0, 33.29, 68, 96
2026/02/12 23:22:16.171, 0, 33.26, 68, 96
2026/02/12 23:22:17.171, 0, 33.28, 68, 96
2026/02/12 23:22:18.171, 0, 35.73, 71, 93
2026/02/12 23:22:19.172, 0, 71.02, 69, 96
2026/02/12 23:22:20.172, 0, 33.41, 68, 96
2026/02/12 23:22:21.173, 0, 33.38, 68, 96
2026/02/12 23:22:22.173, 0, 33.37, 68, 96
2026/02/12 23:22:23.174, 0, 33.35, 68, 96
2026/02/12 23:22:24.174, 0, 33.34, 68, 96
2026/02/12 23:22:25.174, 0, 33.28, 68, 96
2026/02/12 23:22:26.174, 0, 33.36, 68, 96
2026/02/12 23:22:27.175, 0, 33.35, 68, 96
2026/02/12 23:22:28.175, 0, 33.38, 68, 96
2026/02/12 23:22:29.176, 0, 33.37, 68, 96
2026/02/12 23:22:30.176, 0, 33.32, 68, 96
2026/02/12 23:22:31.176, 0, 33.32, 68, 96
2026/02/12 23:22:32.177, 0, 33.33, 68, 96
2026/02/12 23:22:33.177, 0, 33.31, 68, 96
2026/02/12 23:22:34.178, 0, 33.29, 68, 96
2026/02/12 23:22:35.178, 0, 33.25, 68, 96
2026/02/12 23:22:36.179, 0, 57.88, 77, 96
2026/02/12 23:22:37.179, 0, 50.81, 68, 96
2026/02/12 23:22:38.179, 0, 33.39, 68, 96
2026/02/12 23:22:39.180, 0, 33.40, 68, 96
2026/02/12 23:22:40.180, 0, 33.32, 68, 96
2026/02/12 23:22:41.180, 0, 33.35, 68, 96
2026/02/12 23:22:42.180, 0, 33.33, 68, 96
2026/02/12 23:22:43.181, 0, 33.34, 68, 96
2026/02/12 23:22:44.181, 0, 33.29, 68, 96
2026/02/12 23:22:45.181, 0, 33.30, 68, 96
2026/02/12 23:22:46.182, 0, 33.33, 68, 96
2026/02/12 23:22:47.182, 0, 33.36, 68, 96
2026/02/12 23:22:48.182, 0, 33.34, 68, 96
2026/02/12 23:22:49.183, 0, 33.36, 68, 96
2026/02/12 23:22:50.183, 0, 33.31, 68, 96
2026/02/12 23:22:51.184, 0, 33.26, 68, 96
2026/02/12 23:22:52.184, 0, 33.27, 68, 96
2026/02/12 23:22:53.184, 0, 33.28, 68, 96
2026/02/12 23:22:54.185, 0, 74.95, 76, 96
2026/02/12 23:22:55.185, 0, 33.55, 68, 96
2026/02/12 23:22:56.185, 0, 33.37, 68, 96
2026/02/12 23:22:57.185, 0, 33.37, 68, 96
2026/02/12 23:22:58.185, 0, 33.38, 68, 96
2026/02/12 23:22:59.186, 0, 33.36, 68, 96
2026/02/12 23:23:00.186, 0, 33.33, 68, 96
2026/02/12 23:23:01.186, 0, 33.30, 68, 96
2026/02/12 23:23:02.186, 0, 33.34, 68, 96
2026/02/12 23:23:03.187, 0, 33.34, 68, 96
2026/02/12 23:23:04.187, 0, 33.37, 68, 96
2026/02/12 23:23:05.187, 0, 33.33, 68, 96
2026/02/12 23:23:06.188, 0, 33.33, 68, 96
2026/02/12 23:23:07.188, 0, 33.34, 68, 96
2026/02/12 23:23:08.188, 0, 33.34, 68, 96
2026/02/12 23:23:09.188, 0, 33.33, 68, 96
2026/02/12 23:23:10.189, 0, 33.31, 68, 96
2026/02/12 23:23:11.189, 0, 40.71, 75, 92
2026/02/12 23:23:12.189, 0, 67.49, 69, 96
2026/02/12 23:23:13.190, 0, 33.44, 68, 96
2026/02/12 23:23:14.190, 0, 33.41, 68, 96
2026/02/12 23:23:15.190, 0, 33.39, 68, 96
2026/02/12 23:23:16.191, 0, 33.38, 68, 96
2026/02/12 23:23:17.191, 0, 33.39, 68, 96
2026/02/12 23:23:18.191, 0, 33.36, 68, 96
2026/02/12 23:23:19.192, 0, 33.38, 68, 96
2026/02/12 23:23:20.192, 0, 33.34, 68, 96
2026/02/12 23:23:21.192, 0, 33.35, 68, 96
2026/02/12 23:23:22.192, 0, 33.35, 68, 96
2026/02/12 23:23:23.193, 0, 33.37, 68, 96
2026/02/12 23:23:24.193, 0, 33.37, 68, 96
2026/02/12 23:23:25.193, 0, 33.34, 68, 96
2026/02/12 23:23:26.193, 0, 33.30, 68, 96
2026/02/12 23:23:27.194, 0, 33.32, 68, 96
2026/02/12 23:23:28.194, 0, 33.31, 68, 96
2026/02/12 23:23:29.194, 0, 58.52, 77, 96
2026/02/12 23:23:30.195, 0, 48.62, 68, 96
2026/02/12 23:23:31.195, 0, 33.42, 68, 96
2026/02/12 23:23:32.195, 0, 33.39, 68, 96
2026/02/12 23:23:33.196, 0, 33.42, 68, 96
2026/02/12 23:23:34.196, 0, 33.37, 68, 96
2026/02/12 23:23:35.196, 0, 33.38, 68, 96
2026/02/12 23:23:36.196, 0, 33.37, 68, 96
2026/02/12 23:23:37.197, 0, 33.38, 68, 96
2026/02/12 23:23:38.197, 0, 33.36, 68, 96
2026/02/12 23:23:39.197, 0, 33.40, 68, 96
2026/02/12 23:23:40.198, 0, 33.40, 68, 96
2026/02/12 23:23:41.198, 0, 33.36, 68, 96
2026/02/12 23:23:42.198, 0, 33.39, 68, 96
2026/02/12 23:23:43.199, 0, 33.35, 68, 96
2026/02/12 23:23:44.199, 0, 33.34, 68, 96
2026/02/12 23:23:45.199, 0, 33.35, 68, 96
2026/02/12 23:23:46.200, 0, 33.32, 68, 96
2026/02/12 23:23:47.200, 0, 74.13, 78, 96
2026/02/12 23:23:48.201, 0, 33.63, 68, 96
2026/02/12 23:23:49.201, 0, 33.46, 68, 96
2026/02/12 23:23:50.202, 0, 33.46, 68, 96
2026/02/12 23:23:51.202, 0, 33.41, 68, 96
2026/02/12 23:23:52.202, 0, 33.39, 68, 96
2026/02/12 23:23:53.202, 0, 33.39, 68, 96
2026/02/12 23:23:54.203, 0, 33.36, 68, 96
2026/02/12 23:23:55.203, 0, 33.35, 68, 96
2026/02/12 23:23:56.203, 0, 33.36, 68, 96
2026/02/12 23:23:57.204, 0, 33.37, 68, 96
2026/02/12 23:23:58.204, 0, 33.38, 68, 96
2026/02/12 23:23:59.204, 0, 33.39, 68, 96
2026/02/12 23:24:00.204, 0, 33.34, 68, 96
2026/02/12 23:24:01.205, 0, 33.34, 68, 96
2026/02/12 23:24:02.205, 0, 33.31, 68, 96
2026/02/12 23:24:03.205, 0, 33.31, 68, 96
2026/02/12 23:24:04.206, 0, 40.04, 75, 92
2026/02/12 23:24:05.206, 0, 68.42, 69, 96
2026/02/12 23:24:06.206, 0, 33.49, 68, 96
2026/02/12 23:24:07.207, 0, 33.42, 68, 96
2026/02/12 23:24:08.207, 0, 33.46, 68, 96
2026/02/12 23:24:09.207, 0, 33.42, 68, 96
2026/02/12 23:24:10.208, 0, 33.42, 68, 96
2026/02/12 23:24:11.208, 0, 33.39, 68, 96
2026/02/12 23:24:12.209, 0, 33.39, 68, 96
2026/02/12 23:24:13.209, 0, 33.35, 68, 96
2026/02/12 23:24:14.209, 0, 33.40, 68, 96
2026/02/12 23:24:15.210, 0, 33.37, 68, 96
2026/02/12 23:24:16.210, 0, 33.36, 68, 96
2026/02/12 23:24:17.211, 0, 33.40, 68, 96
2026/02/12 23:24:18.211, 0, 33.38, 68, 96
2026/02/12 23:24:19.212, 0, 33.32, 68, 96
2026/02/12 23:24:20.212, 0, 33.33, 68, 96
2026/02/12 23:24:21.212, 0, 33.31, 68, 96
2026/02/12 23:24:22.212, 0, 60.87, 77, 96
2026/02/12 23:24:23.213, 0, 47.98, 69, 96
2026/02/12 23:24:24.213, 0, 33.47, 68, 96
2026/02/12 23:24:25.213, 0, 33.44, 68, 96
2026/02/12 23:24:26.214, 0, 33.41, 68, 96
2026/02/12 23:24:27.214, 0, 33.40, 68, 96
2026/02/12 23:24:28.214, 0, 33.39, 68, 96
2026/02/12 23:24:29.215, 0, 33.37, 68, 96
2026/02/12 23:24:30.215, 0, 33.33, 68, 96
2026/02/12 23:24:31.216, 0, 33.31, 68, 96
2026/02/12 23:24:32.216, 0, 33.39, 68, 96
2026/02/12 23:24:33.216, 0, 33.38, 68, 96
2026/02/12 23:24:34.216, 0, 33.40, 68, 96
2026/02/12 23:24:35.217, 0, 33.39, 68, 96
2026/02/12 23:24:36.217, 0, 33.38, 68, 96
2026/02/12 23:24:37.218, 0, 33.31, 68, 96
2026/02/12 23:24:38.218, 0, 33.34, 68, 96
2026/02/12 23:24:39.219, 0, 33.32, 68, 96
2026/02/12 23:24:40.219, 0, 74.17, 71, 96
2026/02/12 23:24:41.219, 0, 33.48, 69, 96
2026/02/12 23:24:42.220, 0, 33.42, 68, 96
2026/02/12 23:24:43.220, 0, 33.39, 68, 96
2026/02/12 23:24:44.220, 0, 33.40, 68, 96
2026/02/12 23:24:45.221, 0, 33.41, 68, 96
2026/02/12 23:24:46.221, 0, 33.40, 68, 96
2026/02/12 23:24:47.221, 0, 33.32, 68, 96
2026/02/12 23:24:48.221, 0, 33.35, 68, 96
2026/02/12 23:24:49.222, 0, 33.39, 68, 96
2026/02/12 23:24:50.222, 0, 33.36, 68, 96
2026/02/12 23:24:51.223, 0, 33.37, 68, 96
2026/02/12 23:24:52.223, 0, 33.35, 68, 96
2026/02/12 23:24:53.223, 0, 33.35, 68, 96
2026/02/12 23:24:54.224, 0, 33.37, 68, 96
2026/02/12 23:24:55.224, 0, 33.36, 68, 96
2026/02/12 23:24:56.224, 0, 33.35, 68, 96
2026/02/12 23:24:57.225, 0, 41.97, 76, 96
2026/02/12 23:24:58.225, 0, 65.60, 69, 96
2026/02/12 23:24:59.225, 0, 33.45, 68, 96
2026/02/12 23:25:00.226, 0, 33.43, 68, 96
2026/02/12 23:25:01.226, 0, 33.41, 68, 96
2026/02/12 23:25:02.226, 0, 33.38, 68, 96
2026/02/12 23:25:03.226, 0, 33.39, 68, 96
2026/02/12 23:25:04.227, 0, 33.37, 68, 96
2026/02/12 23:25:05.227, 0, 33.34, 68, 96
2026/02/12 23:25:06.227, 0, 33.34, 68, 96
2026/02/12 23:25:07.227, 0, 33.36, 68, 96
2026/02/12 23:25:08.228, 0, 33.38, 68, 96
2026/02/12 23:25:09.228, 0, 33.34, 68, 96
2026/02/12 23:25:10.228, 0, 33.33, 68, 96
2026/02/12 23:25:11.229, 0, 33.34, 68, 96
2026/02/12 23:25:12.229, 0, 33.31, 68, 96
2026/02/12 23:25:13.229, 0, 33.32, 68, 96
2026/02/12 23:25:14.230, 0, 33.28, 68, 96
2026/02/12 23:25:15.230, 0, 63.23, 77, 96
2026/02/12 23:25:16.230, 0, 44.80, 69, 96
2026/02/12 23:25:17.231, 0, 33.42, 68, 96
2026/02/12 23:25:18.231, 0, 33.40, 68, 96
2026/02/12 23:25:19.231, 0, 33.40, 68, 96
2026/02/12 23:25:20.232, 0, 33.39, 68, 96
2026/02/12 23:25:21.232, 0, 33.40, 68, 96
2026/02/12 23:25:22.232, 0, 33.35, 68, 96
2026/02/12 23:25:23.233, 0, 33.34, 68, 96
2026/02/12 23:25:24.233, 0, 33.35, 68, 96
2026/02/12 23:25:25.233, 0, 33.37, 68, 96
2026/02/12 23:25:26.233, 0, 33.36, 68, 96
2026/02/12 23:25:27.234, 0, 33.34, 68, 96
2026/02/12 23:25:28.234, 0, 33.34, 68, 96
2026/02/12 23:25:29.234, 0, 33.34, 68, 96
2026/02/12 23:25:30.234, 0, 33.32, 68, 96
2026/02/12 23:25:31.235, 0, 33.33, 68, 96
2026/02/12 23:25:32.235, 0, 33.30, 68, 96
2026/02/12 23:25:33.235, 0, 73.50, 71, 96
2026/02/12 23:25:34.236, 0, 33.61, 69, 96
2026/02/12 23:25:35.236, 0, 33.47, 68, 96
2026/02/12 23:25:36.236, 0, 33.42, 68, 96
2026/02/12 23:25:37.237, 0, 33.42, 68, 96
2026/02/12 23:25:38.237, 0, 33.40, 68, 96
2026/02/12 23:25:39.237, 0, 33.38, 68, 96
2026/02/12 23:25:40.238, 0, 33.39, 68, 96
2026/02/12 23:25:41.238, 0, 33.36, 68, 96
2026/02/12 23:25:42.238, 0, 33.36, 68, 96
2026/02/12 23:25:43.238, 0, 33.40, 68, 96
2026/02/12 23:25:44.239, 0, 33.38, 68, 96
2026/02/12 23:25:45.239, 0, 33.37, 68, 96
2026/02/12 23:25:46.239, 0, 33.37, 68, 96
2026/02/12 23:25:47.239, 0, 33.32, 68, 96
2026/02/12 23:25:48.240, 0, 33.32, 68, 96
2026/02/12 23:25:49.240, 0, 33.32, 68, 96
2026/02/12 23:25:50.240, 0, 42.45, 76, 95
2026/02/12 23:25:51.240, 0, 64.95, 69, 96
2026/02/12 23:25:52.241, 0, 33.46, 69, 96
2026/02/12 23:25:53.241, 0, 33.45, 68, 96
2026/02/12 23:25:54.242, 0, 33.46, 68, 96
2026/02/12 23:25:55.242, 0, 33.42, 68, 96
2026/02/12 23:25:56.242, 0, 33.40, 68, 96
2026/02/12 23:25:57.243, 0, 33.37, 68, 96
2026/02/12 23:25:58.243, 0, 33.40, 68, 96
2026/02/12 23:25:59.244, 0, 33.41, 68, 96
2026/02/12 23:26:00.244, 0, 33.46, 68, 96
2026/02/12 23:26:01.244, 0, 33.44, 68, 96
2026/02/12 23:26:02.245, 0, 33.41, 68, 96
2026/02/12 23:26:03.245, 0, 33.42, 68, 96
2026/02/12 23:26:04.245, 0, 33.42, 68, 96
2026/02/12 23:26:05.246, 0, 33.41, 68, 96
2026/02/12 23:26:06.246, 0, 33.41, 68, 96
2026/02/12 23:26:07.246, 0, 33.35, 68, 96
2026/02/12 23:26:08.247, 0, 65.03, 78, 96
2026/02/12 23:26:09.247, 0, 44.41, 69, 96
2026/02/12 23:26:10.247, 0, 33.53, 69, 96
2026/02/12 23:26:11.248, 0, 33.49, 68, 96
2026/02/12 23:26:12.248, 0, 33.44, 68, 96
2026/02/12 23:26:13.248, 0, 33.43, 68, 96
2026/02/12 23:26:14.248, 0, 33.43, 68, 96
2026/02/12 23:26:15.249, 0, 33.40, 68, 96
2026/02/12 23:26:16.249, 0, 33.38, 68, 96
2026/02/12 23:26:17.249, 0, 33.39, 68, 96
2026/02/12 23:26:18.250, 0, 33.41, 68, 96
2026/02/12 23:26:19.250, 0, 33.40, 68, 96
2026/02/12 23:26:20.250, 0, 33.41, 68, 96
2026/02/12 23:26:21.251, 0, 33.42, 68, 96
2026/02/12 23:26:22.251, 0, 33.37, 68, 96
2026/02/12 23:26:23.252, 0, 33.37, 68, 96
2026/02/12 23:26:24.252, 0, 33.38, 68, 96
2026/02/12 23:26:25.252, 0, 33.35, 68, 96
2026/02/12 23:26:26.253, 0, 74.78, 70, 96
2026/02/12 23:26:27.253, 0, 33.53, 69, 96
2026/02/12 23:26:28.253, 0, 33.44, 69, 96
2026/02/12 23:26:29.254, 0, 33.44, 69, 96
2026/02/12 23:26:30.254, 0, 33.40, 68, 96
2026/02/12 23:26:31.254, 0, 33.42, 68, 96
2026/02/12 23:26:32.255, 0, 33.41, 68, 96
2026/02/12 23:26:33.255, 0, 33.34, 68, 96
2026/02/12 23:26:34.256, 0, 33.34, 68, 96
2026/02/12 23:26:35.256, 0, 33.35, 68, 96
2026/02/12 23:26:36.256, 0, 33.33, 68, 96
2026/02/12 23:26:37.256, 0, 33.33, 68, 96
2026/02/12 23:26:38.257, 0, 33.29, 68, 96
2026/02/12 23:26:39.257, 0, 33.29, 68, 96
2026/02/12 23:26:40.257, 0, 33.28, 67, 96
2026/02/12 23:26:41.258, 0, 33.21, 67, 96
2026/02/12 23:26:42.258, 0, 33.16, 67, 96
2026/02/12 23:26:43.259, 0, 28.68, 65, 0
2026/02/12 23:26:44.259, 0, 14.46, 64, 0
2026/02/12 23:26:45.260, 0, 14.37, 63, 0
2026/02/12 23:26:46.260, 0, 14.97, 63, 13
2026/02/12 23:26:47.261, 0, 14.90, 63, 0
2026/02/12 23:26:48.261, 0, 11.96, 61, 0
2026/02/12 23:26:49.262, 0, 6.27, 61, 0
2026/02/12 23:26:50.262, 0, 6.22, 60, 0
2026/02/12 23:26:51.262, 0, 5.57, 60, 0
2026/02/12 23:26:52.263, 0, 5.58, 60, 0
2026/02/12 23:26:53.263, 0, 5.51, 59, 0
2026/02/12 23:26:54.264, 0, 5.59, 59, 0
2026/02/12 23:26:55.264, 0, 5.54, 59, 0
